project_id,object_id,object_type,current_time,buffer_count,stock_count
3,0,GEN,5,0,0
3,0,GEN,5,0,0
3,1,GEN,5,0,0
3,1,GEN,5,0,0
3,2,GEN,5,0,0
3,2,GEN,5,0,0
3,3,GEN,5,0,0
3,3,GEN,5,0,0
3,4,GEN,5,0,0
3,4,GEN,5,0,0
3,5,GEN,5,0,0
3,5,GEN,5,0,0
3,6,GEN,5,0,0
3,6,GEN,5,0,0
3,7,TRACK,5,0,0
3,7,TRACK,5,0,0
3,8,TRACK,5,0,0
3,8,TRACK,5,0,0
3,9,TRACK,5,0,0
3,9,TRACK,5,0,0
3,10,TRACK,5,0,0
3,10,TRACK,5,0,0
3,11,TRACK,5,0,0
3,11,TRACK,5,0,0
3,12,TRACK,5,0,0
3,12,TRACK,5,0,0
3,13,TRACK,5,0,0
3,13,TRACK,5,0,0
3,14,TRACK,5,0,0
3,14,TRACK,5,0,0
3,15,TRACK,5,0,0
3,15,TRACK,5,0,0
3,16,TRACK,5,0,0
3,16,TRACK,5,0,0
3,17,TRACK,5,0,0
3,17,TRACK,5,0,0
3,18,TRACK,5,0,0
3,18,TRACK,5,0,0
3,19,TRACK,5,0,0
3,19,TRACK,5,0,0
3,20,TRACK,5,0,0
3,20,TRACK,5,0,0
3,21,TRACK,5,0,0
3,21,TRACK,5,0,0
3,22,TRACK,5,0,0
3,22,TRACK,5,0,0
3,23,TRACK,5,0,0
3,23,TRACK,5,0,0
3,24,TRACK,5,0,0
3,24,TRACK,5,0,0
3,25,TRACK,5,0,0
3,25,TRACK,5,0,0
3,26,PROC,5,0,0
3,26,PROC,5,0,0
3,27,PROC,5,0,0
3,27,PROC,5,0,0
3,28,PROC,5,0,0
3,28,PROC,5,0,0
3,29,PROC,5,0,0
3,29,PROC,5,0,0
3,30,PROC,5,0,0
3,30,PROC,5,0,0
3,31,STOCK,5,0,0
3,31,STOCK,5,0,0
3,32,STOCK,5,0,0
3,32,STOCK,5,0,0
3,0,GEN,10,0,0
3,0,GEN,10,1,0
3,1,GEN,10,0,0
3,1,GEN,10,1,0
3,2,GEN,10,0,0
3,2,GEN,10,1,0
3,3,GEN,10,0,0
3,3,GEN,10,1,0
3,4,GEN,10,0,0
3,4,GEN,10,1,0
3,5,GEN,10,0,0
3,5,GEN,10,1,0
3,6,GEN,10,0,0
3,6,GEN,10,1,0
3,26,PROC,10,0,0
3,26,PROC,10,0,0
3,27,PROC,10,0,0
3,27,PROC,10,0,0
3,28,PROC,10,0,0
3,28,PROC,10,0,0
3,29,PROC,10,0,0
3,29,PROC,10,0,0
3,30,PROC,10,0,0
3,30,PROC,10,0,0
3,31,STOCK,10,0,0
3,31,STOCK,10,0,0
3,32,STOCK,10,0,0
3,32,STOCK,10,0,0
3,0,GEN,10,1,0
3,5,GEN,10,1,0
3,6,GEN,10,1,0
3,4,GEN,10,1,0
3,3,GEN,10,1,0
3,2,GEN,10,1,0
3,1,GEN,10,1,0
3,1,GEN,11,0,0
3,11,TRACK,11,1,0
3,2,GEN,11,0,0
3,0,GEN,11,0,0
3,10,TRACK,11,1,0
3,3,GEN,11,0,0
3,9,TRACK,11,1,0
3,6,GEN,11,0,0
3,23,TRACK,11,1,0
3,7,TRACK,11,1,0
3,22,TRACK,11,1,0
3,5,GEN,11,0,0
3,4,GEN,11,0,0
3,13,TRACK,11,1,0
3,10,TRACK,13,0,0
3,12,TRACK,13,1,0
3,9,TRACK,13,0,0
3,26,PROC,13,0,0
3,23,TRACK,13,0,0
3,11,TRACK,13,0,0
3,26,PROC,13,0,0
3,22,TRACK,13,0,0
3,7,TRACK,13,0,0
3,30,PROC,13,0,0
3,8,TRACK,13,1,0
3,13,TRACK,13,0,0
3,30,PROC,13,1,0
3,27,PROC,13,1,0
3,0,GEN,15,0,0
3,0,GEN,15,1,0
3,1,GEN,15,0,0
3,1,GEN,15,1,0
3,2,GEN,15,0,0
3,2,GEN,15,1,0
3,3,GEN,15,0,0
3,3,GEN,15,1,0
3,4,GEN,15,0,0
3,4,GEN,15,1,0
3,5,GEN,15,0,0
3,5,GEN,15,1,0
3,6,GEN,15,0,0
3,6,GEN,15,1,0
3,26,PROC,15,0,0
3,26,PROC,15,0,0
3,27,PROC,15,1,0
3,27,PROC,15,1,0
3,28,PROC,15,0,0
3,28,PROC,15,0,0
3,29,PROC,15,0,0
3,29,PROC,15,0,0
3,30,PROC,15,1,0
3,30,PROC,15,1,0
3,31,STOCK,15,0,0
3,31,STOCK,15,0,0
3,32,STOCK,15,0,0
3,32,STOCK,15,0,0
3,2,GEN,15,1,0
3,0,GEN,15,1,0
3,1,GEN,15,1,0
3,3,GEN,15,1,0
3,26,PROC,15,0,0
3,12,TRACK,15,0,0
3,8,TRACK,15,0,0
3,26,PROC,15,1,0
3,6,GEN,15,1,0
3,5,GEN,15,1,0
3,4,GEN,15,1,0
3,5,GEN,16,0,0
3,22,TRACK,16,1,0
3,6,GEN,16,0,0
3,2,GEN,16,0,0
3,23,TRACK,16,1,0
3,4,GEN,16,0,0
3,3,GEN,16,0,0
3,11,TRACK,16,1,0
3,13,TRACK,16,1,0
3,1,GEN,16,0,0
3,10,TRACK,16,1,0
3,9,TRACK,16,1,0
3,0,GEN,16,0,0
3,7,TRACK,16,1,0
3,7,TRACK,17,0,0
3,26,PROC,17,1,0
3,8,TRACK,17,1,0
3,23,TRACK,17,0,0
3,9,TRACK,17,0,0
3,22,TRACK,17,0,0
3,13,TRACK,17,0,0
3,30,PROC,17,2,0
3,27,PROC,17,2,0
3,30,PROC,17,2,0
3,11,TRACK,17,0,0
3,10,TRACK,17,0,0
3,12,TRACK,17,1,0
3,26,PROC,17,1,0
3,27,PROC,18,1,0
3,30,PROC,18,1,0
3,21,TRACK,18,1,0
3,18,TRACK,18,1,0
3,12,TRACK,19,0,0
3,26,PROC,19,2,0
3,26,PROC,19,2,0
3,8,TRACK,19,0,0
3,0,GEN,20,0,0
3,0,GEN,20,1,0
3,1,GEN,20,0,0
3,1,GEN,20,1,0
3,2,GEN,20,0,0
3,2,GEN,20,1,0
3,3,GEN,20,0,0
3,3,GEN,20,1,0
3,4,GEN,20,0,0
3,4,GEN,20,1,0
3,5,GEN,20,0,0
3,5,GEN,20,1,0
3,6,GEN,20,0,0
3,6,GEN,20,1,0
3,26,PROC,20,2,0
3,26,PROC,20,2,0
3,27,PROC,20,1,0
3,27,PROC,20,1,0
3,28,PROC,20,0,0
3,28,PROC,20,0,0
3,29,PROC,20,0,0
3,29,PROC,20,0,0
3,30,PROC,20,1,0
3,30,PROC,20,1,0
3,31,STOCK,20,0,0
3,31,STOCK,20,0,0
3,32,STOCK,20,0,0
3,32,STOCK,20,0,0
3,2,GEN,20,1,0
3,26,PROC,20,1,0
3,1,GEN,20,1,0
3,0,GEN,20,1,0
3,21,TRACK,20,0,0
3,14,TRACK,20,1,0
3,17,TRACK,20,0,0
3,18,TRACK,20,0,0
3,19,TRACK,20,1,0
3,29,PROC,20,0,0
3,6,GEN,20,1,0
3,5,GEN,20,1,0
3,4,GEN,20,1,0
3,3,GEN,20,1,0
3,6,GEN,21,0,0
3,23,TRACK,21,1,0
3,5,GEN,21,0,0
3,4,GEN,21,0,0
3,22,TRACK,21,1,0
3,13,TRACK,21,1,0
3,3,GEN,21,0,0
3,10,TRACK,21,1,0
3,11,TRACK,21,1,0
3,2,GEN,21,0,0
3,1,GEN,21,0,0
3,0,GEN,21,0,0
3,7,TRACK,21,1,0
3,9,TRACK,21,1,0
3,19,TRACK,22,0,0
3,14,TRACK,22,0,0
3,28,PROC,22,0,0
3,15,TRACK,22,1,0
3,7,TRACK,23,0,0
3,8,TRACK,23,1,0
3,26,PROC,23,1,0
3,23,TRACK,23,0,0
3,9,TRACK,23,0,0
3,22,TRACK,23,0,0
3,30,PROC,23,2,0
3,30,PROC,23,2,0
3,27,PROC,23,2,0
3,13,TRACK,23,0,0
3,11,TRACK,23,0,0
3,10,TRACK,23,0,0
3,12,TRACK,23,1,0
3,26,PROC,23,1,0
3,15,TRACK,24,0,0
3,16,TRACK,24,1,0
3,0,GEN,25,0,0
3,0,GEN,25,1,0
3,1,GEN,25,0,0
3,1,GEN,25,1,0
3,2,GEN,25,0,0
3,2,GEN,25,1,0
3,3,GEN,25,0,0
3,3,GEN,25,1,0
3,4,GEN,25,0,0
3,4,GEN,25,1,0
3,5,GEN,25,0,0
3,5,GEN,25,1,0
3,6,GEN,25,0,0
3,6,GEN,25,1,0
3,26,PROC,25,1,0
3,26,PROC,25,1,0
3,27,PROC,25,2,0
3,27,PROC,25,2,0
3,28,PROC,25,0,0
3,28,PROC,25,0,0
3,29,PROC,25,0,0
3,29,PROC,25,0,0
3,30,PROC,25,2,0
3,30,PROC,25,2,0
3,31,STOCK,25,0,0
3,31,STOCK,25,0,0
3,32,STOCK,25,0,0
3,32,STOCK,25,0,0
3,12,TRACK,25,0,0
3,26,PROC,25,2,0
3,26,PROC,25,2,0
3,8,TRACK,25,0,0
3,6,GEN,25,1,0
3,4,GEN,25,1,0
3,5,GEN,25,1,0
3,3,GEN,25,1,0
3,2,GEN,25,1,0
3,1,GEN,25,1,0
3,0,GEN,25,1,0
3,16,TRACK,26,0,0
3,6,GEN,26,0,0
3,5,GEN,26,0,0
3,22,TRACK,26,1,0
3,4,GEN,26,0,0
3,11,TRACK,26,1,0
3,13,TRACK,26,1,0
3,3,GEN,26,0,0
3,23,TRACK,26,1,0
3,2,GEN,26,0,0
3,0,GEN,26,0,0
3,10,TRACK,26,1,0
3,1,GEN,26,0,0
3,9,TRACK,26,1,0
3,7,TRACK,26,1,0
3,29,PROC,26,1,0
3,22,TRACK,27,0,0
3,23,TRACK,27,0,0
3,30,PROC,27,2,0
3,27,PROC,27,3,0
3,13,TRACK,27,0,0
3,30,PROC,27,3,0
3,11,TRACK,27,0,0
3,12,TRACK,27,1,0
3,9,TRACK,27,0,0
3,10,TRACK,27,0,0
3,26,PROC,27,2,0
3,7,TRACK,27,0,0
3,8,TRACK,27,1,0
3,26,PROC,27,2,0
3,14,TRACK,28,0,0
3,21,TRACK,28,1,0
3,30,PROC,28,2,0
3,27,PROC,28,2,0
3,17,TRACK,28,1,0
3,18,TRACK,28,1,0
3,26,PROC,28,1,0
3,8,TRACK,29,0,0
3,12,TRACK,29,0,0
3,26,PROC,29,2,0
3,26,PROC,29,2,0
3,0,GEN,30,0,0
3,0,GEN,30,1,0
3,1,GEN,30,0,0
3,1,GEN,30,1,0
3,2,GEN,30,0,0
3,2,GEN,30,1,0
3,3,GEN,30,0,0
3,3,GEN,30,1,0
3,4,GEN,30,0,0
3,4,GEN,30,1,0
3,5,GEN,30,0,0
3,5,GEN,30,1,0
3,6,GEN,30,0,0
3,6,GEN,30,1,0
3,26,PROC,30,2,0
3,26,PROC,30,2,0
3,27,PROC,30,2,0
3,27,PROC,30,2,0
3,28,PROC,30,0,0
3,28,PROC,30,0,0
3,29,PROC,30,1,0
3,29,PROC,30,1,0
3,30,PROC,30,2,0
3,30,PROC,30,2,0
3,31,STOCK,30,0,0
3,31,STOCK,30,0,0
3,32,STOCK,30,0,0
3,32,STOCK,30,0,0
3,18,TRACK,30,0,0
3,19,TRACK,30,1,0
3,17,TRACK,30,0,0
3,6,GEN,30,1,0
3,28,PROC,30,1,0
3,5,GEN,30,1,0
3,3,GEN,30,1,0
3,2,GEN,30,1,0
3,21,TRACK,30,0,0
3,1,GEN,30,1,0
3,4,GEN,30,1,0
3,0,GEN,30,1,0
3,29,PROC,30,1,0
3,19,TRACK,32,0,0
3,28,PROC,32,1,0
3,0,GEN,35,1,0
3,0,GEN,35,1,0
3,1,GEN,35,1,0
3,1,GEN,35,1,0
3,2,GEN,35,1,0
3,2,GEN,35,1,0
3,3,GEN,35,1,0
3,3,GEN,35,1,0
3,4,GEN,35,1,0
3,4,GEN,35,1,0
3,5,GEN,35,1,0
3,5,GEN,35,1,0
3,6,GEN,35,1,0
3,6,GEN,35,1,0
3,26,PROC,35,2,0
3,26,PROC,35,2,0
3,27,PROC,35,2,0
3,27,PROC,35,2,0
3,28,PROC,35,1,0
3,28,PROC,35,1,0
3,29,PROC,35,1,0
3,29,PROC,35,1,0
3,30,PROC,35,2,0
3,30,PROC,35,2,0
3,31,STOCK,35,0,0
3,31,STOCK,35,0,0
3,32,STOCK,35,0,0
3,32,STOCK,35,0,0
3,5,GEN,36,0,0
3,6,GEN,36,0,0
3,2,GEN,36,0,0
3,23,TRACK,36,1,0
3,4,GEN,36,0,0
3,13,TRACK,36,1,0
3,11,TRACK,36,1,0
3,3,GEN,36,0,0
3,9,TRACK,36,1,0
3,10,TRACK,36,1,0
3,1,GEN,36,0,0
3,0,GEN,36,0,0
3,22,TRACK,36,1,0
3,7,TRACK,36,1,0
3,22,TRACK,37,0,0
3,30,PROC,37,3,0
3,30,PROC,37,3,0
3,23,TRACK,37,0,0
3,11,TRACK,37,0,0
3,26,PROC,37,2,0
3,13,TRACK,37,0,0
3,27,PROC,37,3,0
3,10,TRACK,37,0,0
3,9,TRACK,37,0,0
3,12,TRACK,37,1,0
3,7,TRACK,37,0,0
3,8,TRACK,37,1,0
3,26,PROC,37,2,0
3,26,PROC,39,3,0
3,26,PROC,39,3,0
3,12,TRACK,39,0,0
3,8,TRACK,39,0,0
3,0,GEN,40,0,0
3,0,GEN,40,1,0
3,1,GEN,40,0,0
3,1,GEN,40,1,0
3,2,GEN,40,0,0
3,2,GEN,40,1,0
3,3,GEN,40,0,0
3,3,GEN,40,1,0
3,4,GEN,40,0,0
3,4,GEN,40,1,0
3,5,GEN,40,0,0
3,5,GEN,40,1,0
3,6,GEN,40,0,0
3,6,GEN,40,1,0
3,26,PROC,40,3,0
3,26,PROC,40,3,0
3,27,PROC,40,3,0
3,27,PROC,40,3,0
3,28,PROC,40,1,0
3,28,PROC,40,1,0
3,29,PROC,40,1,0
3,29,PROC,40,1,0
3,30,PROC,40,3,0
3,30,PROC,40,3,0
3,31,STOCK,40,0,0
3,31,STOCK,40,0,0
3,32,STOCK,40,0,0
3,32,STOCK,40,0,0
3,30,PROC,40,2,0
3,27,PROC,40,2,0
3,28,PROC,40,0,0
3,20,TRACK,40,1,0
3,14,TRACK,40,1,0
3,18,TRACK,40,1,0
3,17,TRACK,40,0,0
3,26,PROC,40,2,0
3,6,GEN,40,1,0
3,4,GEN,40,1,0
3,3,GEN,40,1,0
3,2,GEN,40,1,0
3,1,GEN,40,1,0
3,5,GEN,40,1,0
3,21,TRACK,40,1,0
3,0,GEN,40,1,0
3,6,GEN,41,0,0
3,5,GEN,41,0,0
3,4,GEN,41,0,0
3,23,TRACK,41,1,0
3,3,GEN,41,0,0
3,13,TRACK,41,1,0
3,11,TRACK,41,1,0
3,2,GEN,41,0,0
3,1,GEN,41,0,0
3,10,TRACK,41,1,0
3,0,GEN,41,0,0
3,9,TRACK,41,1,0
3,22,TRACK,41,1,0
3,7,TRACK,41,1,0
3,15,TRACK,42,1,0
3,29,PROC,42,1,0
3,20,TRACK,42,0,0
3,21,TRACK,42,0,0
3,18,TRACK,42,0,0
3,29,PROC,42,1,0
3,14,TRACK,42,0,0
3,19,TRACK,42,1,0
3,13,TRACK,43,0,0
3,23,TRACK,43,0,0
3,30,PROC,43,3,0
3,30,PROC,43,3,0
3,22,TRACK,43,0,0
3,12,TRACK,43,1,0
3,11,TRACK,43,0,0
3,27,PROC,43,3,0
3,10,TRACK,43,0,0
3,7,TRACK,43,0,0
3,8,TRACK,43,1,0
3,26,PROC,43,2,0
3,9,TRACK,43,0,0
3,26,PROC,43,2,0
3,15,TRACK,44,0,0
3,19,TRACK,44,0,0
3,28,PROC,44,0,0
3,16,TRACK,44,1,0
3,0,GEN,45,0,0
3,0,GEN,45,1,0
3,1,GEN,45,0,0
3,1,GEN,45,1,0
3,2,GEN,45,0,0
3,2,GEN,45,1,0
3,3,GEN,45,0,0
3,3,GEN,45,1,0
3,4,GEN,45,0,0
3,4,GEN,45,1,0
3,5,GEN,45,0,0
3,5,GEN,45,1,0
3,6,GEN,45,0,0
3,6,GEN,45,1,0
3,26,PROC,45,2,0
3,26,PROC,45,2,0
3,27,PROC,45,3,0
3,27,PROC,45,3,0
3,28,PROC,45,0,0
3,28,PROC,45,0,0
3,29,PROC,45,1,0
3,29,PROC,45,1,0
3,30,PROC,45,3,0
3,30,PROC,45,3,0
3,31,STOCK,45,0,0
3,31,STOCK,45,0,0
3,32,STOCK,45,0,0
3,32,STOCK,45,0,0
3,27,PROC,45,2,0
3,30,PROC,45,2,0
3,18,TRACK,45,1,0
3,17,TRACK,45,1,0
3,12,TRACK,45,0,0
3,14,TRACK,45,0,0
3,8,TRACK,45,0,0
3,21,TRACK,45,1,0
3,1,GEN,45,1,0
3,0,GEN,45,1,0
3,6,GEN,45,1,0
3,5,GEN,45,1,0
3,4,GEN,45,1,0
3,3,GEN,45,1,0
3,26,PROC,45,2,0
3,26,PROC,45,2,0
3,26,PROC,45,2,0
3,2,GEN,45,1,0
3,3,GEN,46,0,0
3,29,PROC,46,2,0
3,13,TRACK,46,1,0
3,16,TRACK,46,0,0
3,23,TRACK,46,1,0
3,2,GEN,46,0,0
3,18,TRACK,46,0,0
3,19,TRACK,46,1,0
3,4,GEN,46,0,0
3,17,TRACK,46,0,0
3,9,TRACK,46,1,0
3,6,GEN,46,0,0
3,1,GEN,46,0,0
3,7,TRACK,46,1,0
3,22,TRACK,46,1,0
3,0,GEN,46,0,0
3,5,GEN,46,0,0
3,10,TRACK,46,1,0
3,21,TRACK,46,0,0
3,11,TRACK,46,1,0
3,29,PROC,46,2,0
3,28,PROC,46,1,0
3,22,TRACK,47,0,0
3,25,TRACK,47,0,0
3,30,PROC,47,2,0
3,9,TRACK,47,0,0
3,13,TRACK,47,0,0
3,30,PROC,47,3,0
3,8,TRACK,47,1,0
3,11,TRACK,47,0,0
3,12,TRACK,47,1,0
3,10,TRACK,47,0,0
3,26,PROC,47,2,0
3,7,TRACK,47,0,0
3,23,TRACK,47,0,0
3,26,PROC,47,2,0
3,24,TRACK,47,1,0
3,27,PROC,47,3,0
3,29,PROC,47,1,0
3,19,TRACK,48,0,0
3,28,PROC,48,1,0
3,12,TRACK,49,0,0
3,24,TRACK,49,0,0
3,26,PROC,49,3,0
3,26,PROC,49,3,0
3,8,TRACK,49,0,0
3,0,GEN,50,0,0
3,0,GEN,50,1,0
3,1,GEN,50,0,0
3,1,GEN,50,1,0
3,2,GEN,50,0,0
3,2,GEN,50,1,0
3,3,GEN,50,0,0
3,3,GEN,50,1,0
3,4,GEN,50,0,0
3,4,GEN,50,1,0
3,5,GEN,50,0,0
3,5,GEN,50,1,0
3,6,GEN,50,0,0
3,6,GEN,50,1,0
3,26,PROC,50,3,0
3,26,PROC,50,3,0
3,27,PROC,50,3,0
3,27,PROC,50,3,0
3,28,PROC,50,1,0
3,28,PROC,50,1,0
3,29,PROC,50,1,0
3,29,PROC,50,1,0
3,30,PROC,50,3,0
3,30,PROC,50,3,0
3,31,STOCK,50,1,0
3,31,STOCK,50,1,0
3,32,STOCK,50,0,0
3,32,STOCK,50,0,0
3,30,PROC,50,2,0
3,27,PROC,50,2,0
3,18,TRACK,50,1,0
3,17,TRACK,50,0,0
3,26,PROC,50,2,0
3,14,TRACK,50,1,0
3,6,GEN,50,1,0
3,5,GEN,50,1,0
3,4,GEN,50,1,0
3,3,GEN,50,1,0
3,2,GEN,50,1,0
3,1,GEN,50,1,0
3,0,GEN,50,1,0
3,21,TRACK,50,1,0
3,6,GEN,51,0,0
3,4,GEN,51,0,0
3,22,TRACK,51,1,0
3,20,TRACK,51,1,0
3,11,TRACK,51,1,0
3,3,GEN,51,0,0
3,13,TRACK,51,1,0
3,28,PROC,51,0,0
3,0,GEN,51,0,0
3,7,TRACK,51,1,0
3,10,TRACK,51,1,0
3,23,TRACK,51,1,0
3,5,GEN,51,0,0
3,2,GEN,51,0,0
3,9,TRACK,51,1,0
3,1,GEN,51,0,0
3,19,TRACK,52,1,0
3,18,TRACK,52,0,0
3,20,TRACK,52,0,0
3,21,TRACK,52,0,0
3,29,PROC,52,1,0
3,29,PROC,52,1,0
3,14,TRACK,52,0,0
3,15,TRACK,52,1,0
3,11,TRACK,53,0,0
3,23,TRACK,53,0,0
3,30,PROC,53,2,0
3,22,TRACK,53,0,0
3,13,TRACK,53,0,0
3,27,PROC,53,3,0
3,30,PROC,53,3,0
3,26,PROC,53,2,0
3,10,TRACK,53,0,0
3,12,TRACK,53,1,0
3,9,TRACK,53,0,0
3,7,TRACK,53,0,0
3,8,TRACK,53,1,0
3,26,PROC,53,2,0
3,19,TRACK,54,0,0
3,28,PROC,54,0,0
3,15,TRACK,54,0,0
3,16,TRACK,54,1,0
3,0,GEN,55,0,0
3,0,GEN,55,1,0
3,1,GEN,55,0,0
3,1,GEN,55,1,0
3,2,GEN,55,0,0
3,2,GEN,55,1,0
3,3,GEN,55,0,0
3,3,GEN,55,1,0
3,4,GEN,55,0,0
3,4,GEN,55,1,0
3,5,GEN,55,0,0
3,5,GEN,55,1,0
3,6,GEN,55,0,0
3,6,GEN,55,1,0
3,26,PROC,55,2,0
3,26,PROC,55,2,0
3,27,PROC,55,3,0
3,27,PROC,55,3,0
3,28,PROC,55,0,0
3,28,PROC,55,0,0
3,29,PROC,55,1,0
3,29,PROC,55,1,0
3,30,PROC,55,3,0
3,30,PROC,55,3,0
3,31,STOCK,55,0,1
3,31,STOCK,55,0,1
3,32,STOCK,55,0,0
3,32,STOCK,55,0,0
3,26,PROC,55,1,0
3,12,TRACK,55,0,0
3,8,TRACK,55,0,0
3,26,PROC,55,1,0
3,21,TRACK,55,1,0
3,5,GEN,55,1,0
3,30,PROC,55,2,0
3,27,PROC,55,2,0
3,18,TRACK,55,1,0
3,3,GEN,55,1,0
3,2,GEN,55,1,0
3,1,GEN,55,1,0
3,14,TRACK,55,0,0
3,26,PROC,55,2,0
3,17,TRACK,55,1,0
3,6,GEN,55,1,0
3,0,GEN,55,1,0
3,4,GEN,55,1,0
3,4,GEN,56,0,0
3,3,GEN,56,0,0
3,2,GEN,56,0,0
3,23,TRACK,56,1,0
3,13,TRACK,56,1,0
3,22,TRACK,56,1,0
3,29,PROC,56,1,0
3,18,TRACK,56,0,0
3,21,TRACK,56,0,0
3,9,TRACK,56,1,0
3,10,TRACK,56,1,0
3,0,GEN,56,0,0
3,6,GEN,56,0,0
3,5,GEN,56,0,0
3,16,TRACK,56,0,0
3,7,TRACK,56,1,0
3,1,GEN,56,0,0
3,19,TRACK,56,1,0
3,11,TRACK,56,1,0
3,17,TRACK,56,0,0
3,28,PROC,56,1,0
3,29,PROC,56,2,0
3,29,PROC,57,1,0
3,30,PROC,57,2,0
3,22,TRACK,57,0,0
3,24,TRACK,57,0,0
3,25,TRACK,57,1,0
3,13,TRACK,57,0,0
3,26,PROC,57,2,0
3,11,TRACK,57,0,0
3,27,PROC,57,3,0
3,10,TRACK,57,0,0
3,12,TRACK,57,1,0
3,9,TRACK,57,0,0
3,26,PROC,57,2,0
3,7,TRACK,57,0,0
3,23,TRACK,57,0,0
3,8,TRACK,57,1,0
3,30,PROC,57,3,0
3,19,TRACK,58,0,0
3,28,PROC,58,1,0
3,26,PROC,59,2,0
3,25,TRACK,59,0,0
3,12,TRACK,59,0,0
3,8,TRACK,59,0,0
3,26,PROC,59,3,0
3,0,GEN,60,0,0
3,0,GEN,60,1,0
3,1,GEN,60,0,0
3,1,GEN,60,1,0
3,2,GEN,60,0,0
3,2,GEN,60,1,0
3,3,GEN,60,0,0
3,3,GEN,60,1,0
3,4,GEN,60,0,0
3,4,GEN,60,1,0
3,5,GEN,60,0,0
3,5,GEN,60,1,0
3,6,GEN,60,0,0
3,6,GEN,60,1,0
3,26,PROC,60,3,0
3,26,PROC,60,3,0
3,27,PROC,60,3,0
3,27,PROC,60,3,0
3,28,PROC,60,1,0
3,28,PROC,60,1,0
3,29,PROC,60,1,0
3,29,PROC,60,1,0
3,30,PROC,60,3,0
3,30,PROC,60,3,0
3,31,STOCK,60,0,1
3,31,STOCK,60,0,1
3,32,STOCK,60,1,0
3,32,STOCK,60,1,0
3,6,GEN,60,1,0
3,17,TRACK,60,0,0
3,0,GEN,60,1,0
3,5,GEN,60,1,0
3,4,GEN,60,1,0
3,2,GEN,60,1,0
3,27,PROC,60,2,0
3,1,GEN,60,1,0
3,26,PROC,60,2,0
3,30,PROC,60,2,0
3,21,TRACK,60,1,0
3,3,GEN,60,1,0
3,14,TRACK,60,1,0
3,18,TRACK,60,1,0
3,18,TRACK,62,0,0
3,19,TRACK,62,1,0
3,29,PROC,62,1,0
3,21,TRACK,62,0,0
3,14,TRACK,62,0,0
3,15,TRACK,62,1,0
3,19,TRACK,64,0,0
3,28,PROC,64,1,0
3,15,TRACK,64,0,0
3,16,TRACK,64,1,0
3,0,GEN,65,1,0
3,0,GEN,65,1,0
3,1,GEN,65,1,0
3,1,GEN,65,1,0
3,2,GEN,65,1,0
3,2,GEN,65,1,0
3,3,GEN,65,1,0
3,3,GEN,65,1,0
3,4,GEN,65,1,0
3,4,GEN,65,1,0
3,5,GEN,65,1,0
3,5,GEN,65,1,0
3,6,GEN,65,1,0
3,6,GEN,65,1,0
3,26,PROC,65,2,0
3,26,PROC,65,2,0
3,27,PROC,65,2,0
3,27,PROC,65,2,0
3,28,PROC,65,1,0
3,28,PROC,65,1,0
3,29,PROC,65,1,0
3,29,PROC,65,1,0
3,30,PROC,65,2,0
3,30,PROC,65,2,0
3,31,STOCK,65,0,1
3,31,STOCK,65,0,1
3,32,STOCK,65,1,0
3,32,STOCK,65,1,0
3,22,TRACK,66,1,0
3,11,TRACK,66,1,0
3,9,TRACK,66,1,0
3,6,GEN,66,0,0
3,10,TRACK,66,1,0
3,16,TRACK,66,0,0
3,0,GEN,66,0,0
3,7,TRACK,66,1,0
3,3,GEN,66,0,0
3,4,GEN,66,0,0
3,5,GEN,66,0,0
3,13,TRACK,66,1,0
3,2,GEN,66,0,0
3,23,TRACK,66,1,0
3,1,GEN,66,0,0
3,29,PROC,66,2,0
3,11,TRACK,67,0,0
3,23,TRACK,67,0,0
3,30,PROC,67,2,0
3,22,TRACK,67,0,0
3,13,TRACK,67,0,0
3,27,PROC,67,3,0
3,30,PROC,67,3,0
3,26,PROC,67,2,0
3,10,TRACK,67,0,0
3,12,TRACK,67,1,0
3,9,TRACK,67,0,0
3,7,TRACK,67,0,0
3,8,TRACK,67,1,0
3,26,PROC,67,2,0
3,12,TRACK,69,0,0
3,26,PROC,69,2,0
3,8,TRACK,69,0,0
3,26,PROC,69,3,0
3,0,GEN,70,0,0
3,0,GEN,70,1,0
3,1,GEN,70,0,0
3,1,GEN,70,1,0
3,2,GEN,70,0,0
3,2,GEN,70,1,0
3,3,GEN,70,0,0
3,3,GEN,70,1,0
3,4,GEN,70,0,0
3,4,GEN,70,1,0
3,5,GEN,70,0,0
3,5,GEN,70,1,0
3,6,GEN,70,0,0
3,6,GEN,70,1,0
3,26,PROC,70,3,0
3,26,PROC,70,3,0
3,27,PROC,70,3,0
3,27,PROC,70,3,0
3,28,PROC,70,1,0
3,28,PROC,70,1,0
3,29,PROC,70,2,0
3,29,PROC,70,2,0
3,30,PROC,70,3,0
3,30,PROC,70,3,0
3,31,STOCK,70,0,1
3,31,STOCK,70,0,1
3,32,STOCK,70,1,0
3,32,STOCK,70,1,0
3,27,PROC,70,2,0
3,18,TRACK,70,1,0
3,26,PROC,70,2,0
3,30,PROC,70,2,0
3,14,TRACK,70,0,0
3,20,TRACK,70,1,0
3,6,GEN,70,1,0
3,21,TRACK,70,1,0
3,4,GEN,70,1,0
3,3,GEN,70,1,0
3,2,GEN,70,1,0
3,1,GEN,70,1,0
3,5,GEN,70,1,0
3,17,TRACK,70,1,0
3,28,PROC,70,0,0
3,0,GEN,70,1,0
3,4,GEN,71,0,0
3,22,TRACK,71,1,0
3,23,TRACK,71,1,0
3,2,GEN,71,0,0
3,13,TRACK,71,1,0
3,6,GEN,71,0,0
3,11,TRACK,71,1,0
3,0,GEN,71,0,0
3,10,TRACK,71,1,0
3,9,TRACK,71,1,0
3,1,GEN,71,0,0
3,7,TRACK,71,1,0
3,5,GEN,71,0,0
3,3,GEN,71,0,0
3,21,TRACK,72,0,0
3,18,TRACK,72,0,0
3,29,PROC,72,2,0
3,20,TRACK,72,0,0
3,29,PROC,72,2,0
3,17,TRACK,72,0,0
3,19,TRACK,72,1,0
3,28,PROC,72,1,0
3,23,TRACK,73,0,0
3,30,PROC,73,2,0
3,13,TRACK,73,0,0
3,12,TRACK,73,1,0
3,30,PROC,73,3,0
3,22,TRACK,73,0,0
3,11,TRACK,73,0,0
3,10,TRACK,73,0,0
3,27,PROC,73,3,0
3,7,TRACK,73,0,0
3,9,TRACK,73,0,0
3,26,PROC,73,2,0
3,26,PROC,73,2,0
3,8,TRACK,73,1,0
3,19,TRACK,74,0,0
3,28,PROC,74,1,0
3,0,GEN,75,0,0
3,0,GEN,75,1,0
3,1,GEN,75,0,0
3,1,GEN,75,1,0
3,2,GEN,75,0,0
3,2,GEN,75,1,0
3,3,GEN,75,0,0
3,3,GEN,75,1,0
3,4,GEN,75,0,0
3,4,GEN,75,1,0
3,5,GEN,75,0,0
3,5,GEN,75,1,0
3,6,GEN,75,0,0
3,6,GEN,75,1,0
3,26,PROC,75,2,0
3,26,PROC,75,2,0
3,27,PROC,75,3,0
3,27,PROC,75,3,0
3,28,PROC,75,1,0
3,28,PROC,75,1,0
3,29,PROC,75,2,0
3,29,PROC,75,2,0
3,30,PROC,75,3,0
3,30,PROC,75,3,0
3,31,STOCK,75,0,1
3,31,STOCK,75,0,1
3,32,STOCK,75,0,1
3,32,STOCK,75,0,1
3,26,PROC,75,1,0
3,26,PROC,75,1,0
3,12,TRACK,75,0,0
3,8,TRACK,75,0,0
3,14,TRACK,75,1,0
3,26,PROC,75,2,0
3,1,GEN,75,1,0
3,6,GEN,75,1,0
3,17,TRACK,75,0,0
3,30,PROC,75,2,0
3,5,GEN,75,1,0
3,27,PROC,75,2,0
3,18,TRACK,75,1,0
3,2,GEN,75,1,0
3,0,GEN,75,1,0
3,4,GEN,75,1,0
3,21,TRACK,75,1,0
3,20,TRACK,75,1,0
3,28,PROC,75,0,0
3,3,GEN,75,1,0
3,5,GEN,76,0,0
3,4,GEN,76,0,0
3,3,GEN,76,0,0
3,21,TRACK,76,0,0
3,22,TRACK,76,1,0
3,2,GEN,76,0,0
3,18,TRACK,76,0,0
3,1,GEN,76,0,0
3,11,TRACK,76,1,0
3,19,TRACK,76,1,0
3,14,TRACK,76,0,0
3,9,TRACK,76,1,0
3,0,GEN,76,0,0
3,7,TRACK,76,1,0
3,23,TRACK,76,1,0
3,29,PROC,76,2,0
3,20,TRACK,76,0,0
3,13,TRACK,76,1,0
3,29,PROC,76,2,0
3,15,TRACK,76,1,0
3,10,TRACK,76,1,0
3,6,GEN,76,0,0
3,30,PROC,77,2,0
3,24,TRACK,77,1,0
3,25,TRACK,77,0,0
3,30,PROC,77,3,0
3,12,TRACK,77,1,0
3,11,TRACK,77,0,0
3,29,PROC,77,1,0
3,27,PROC,77,3,0
3,10,TRACK,77,0,0
3,7,TRACK,77,0,0
3,26,PROC,77,2,0
3,9,TRACK,77,0,0
3,26,PROC,77,2,0
3,13,TRACK,77,0,0
3,23,TRACK,77,0,0
3,22,TRACK,77,0,0
3,8,TRACK,77,1,0
3,19,TRACK,78,0,0
3,28,PROC,78,0,0
3,16,TRACK,78,1,0
3,15,TRACK,78,0,0
3,12,TRACK,79,0,0
3,24,TRACK,79,0,0
3,8,TRACK,79,0,0
3,26,PROC,79,3,0
3,26,PROC,79,3,0
3,0,GEN,80,0,0
3,0,GEN,80,1,0
3,1,GEN,80,0,0
3,1,GEN,80,1,0
3,2,GEN,80,0,0
3,2,GEN,80,1,0
3,3,GEN,80,0,0
3,3,GEN,80,1,0
3,4,GEN,80,0,0
3,4,GEN,80,1,0
3,5,GEN,80,0,0
3,5,GEN,80,1,0
3,6,GEN,80,0,0
3,6,GEN,80,1,0
3,26,PROC,80,3,0
3,26,PROC,80,3,0
3,27,PROC,80,3,0
3,27,PROC,80,3,0
3,28,PROC,80,0,0
3,28,PROC,80,0,0
3,29,PROC,80,1,0
3,29,PROC,80,1,0
3,30,PROC,80,3,0
3,30,PROC,80,3,0
3,31,STOCK,80,1,1
3,31,STOCK,80,1,1
3,32,STOCK,80,0,1
3,32,STOCK,80,0,1
3,14,TRACK,80,0,0
3,17,TRACK,80,1,0
3,16,TRACK,80,0,0
3,18,TRACK,80,1,0
3,26,PROC,80,2,0
3,6,GEN,80,1,0
3,27,PROC,80,2,0
3,30,PROC,80,2,0
3,4,GEN,80,1,0
3,21,TRACK,80,1,0
3,2,GEN,80,1,0
3,1,GEN,80,1,0
3,5,GEN,80,1,0
3,3,GEN,80,1,0
3,0,GEN,80,1,0
3,29,PROC,80,2,0
3,4,GEN,81,0,0
3,3,GEN,81,0,0
3,13,TRACK,81,1,0
3,2,GEN,81,0,0
3,9,TRACK,81,1,0
3,1,GEN,81,0,0
3,0,GEN,81,0,0
3,10,TRACK,81,1,0
3,23,TRACK,81,1,0
3,22,TRACK,81,1,0
3,7,TRACK,81,1,0
3,6,GEN,81,0,0
3,11,TRACK,81,1,0
3,5,GEN,81,0,0
3,28,PROC,82,1,0
3,18,TRACK,82,0,0
3,21,TRACK,82,0,0
3,17,TRACK,82,0,0
3,29,PROC,82,2,0
3,19,TRACK,82,1,0
3,22,TRACK,83,0,0
3,23,TRACK,83,0,0
3,30,PROC,83,2,0
3,27,PROC,83,3,0
3,30,PROC,83,3,0
3,13,TRACK,83,0,0
3,11,TRACK,83,0,0
3,9,TRACK,83,0,0
3,12,TRACK,83,1,0
3,10,TRACK,83,0,0
3,26,PROC,83,2,0
3,7,TRACK,83,0,0
3,8,TRACK,83,1,0
3,26,PROC,83,2,0
3,19,TRACK,84,0,0
3,28,PROC,84,1,0
3,0,GEN,85,0,0
3,0,GEN,85,1,0
3,1,GEN,85,0,0
3,1,GEN,85,1,0
3,2,GEN,85,0,0
3,2,GEN,85,1,0
3,3,GEN,85,0,0
3,3,GEN,85,1,0
3,4,GEN,85,0,0
3,4,GEN,85,1,0
3,5,GEN,85,0,0
3,5,GEN,85,1,0
3,6,GEN,85,0,0
3,6,GEN,85,1,0
3,26,PROC,85,2,0
3,26,PROC,85,2,0
3,27,PROC,85,3,0
3,27,PROC,85,3,0
3,28,PROC,85,1,0
3,28,PROC,85,1,0
3,29,PROC,85,2,0
3,29,PROC,85,2,0
3,30,PROC,85,3,0
3,30,PROC,85,3,0
3,31,STOCK,85,0,2
3,31,STOCK,85,0,2
3,32,STOCK,85,0,1
3,32,STOCK,85,0,1
3,12,TRACK,85,0,0
3,17,TRACK,85,0,0
3,26,PROC,85,1,0
3,8,TRACK,85,0,0
3,3,GEN,85,1,0
3,30,PROC,85,2,0
3,5,GEN,85,1,0
3,4,GEN,85,1,0
3,21,TRACK,85,1,0
3,1,GEN,85,1,0
3,26,PROC,85,1,0
3,14,TRACK,85,1,0
3,2,GEN,85,1,0
3,28,PROC,85,0,0
3,24,TRACK,85,0,0
3,29,PROC,85,1,0
3,25,TRACK,85,1,0
3,27,PROC,85,2,0
3,6,GEN,85,1,0
3,26,PROC,85,2,0
3,18,TRACK,85,1,0
3,0,GEN,85,1,0
3,20,TRACK,85,1,0
3,5,GEN,86,0,0
3,21,TRACK,86,0,0
3,2,GEN,86,0,0
3,22,TRACK,86,1,0
3,11,TRACK,86,1,0
3,20,TRACK,86,0,0
3,1,GEN,86,0,0
3,23,TRACK,86,1,0
3,29,PROC,86,1,0
3,4,GEN,86,0,0
3,9,TRACK,86,1,0
3,10,TRACK,86,1,0
3,18,TRACK,86,0,0
3,0,GEN,86,0,0
3,13,TRACK,86,1,0
3,6,GEN,86,0,0
3,3,GEN,86,0,0
3,7,TRACK,86,1,0
3,14,TRACK,86,0,0
3,29,PROC,86,1,0
3,19,TRACK,86,1,0
3,15,TRACK,86,1,0
3,22,TRACK,87,0,0
3,25,TRACK,87,0,0
3,23,TRACK,87,0,0
3,12,TRACK,87,1,0
3,30,PROC,87,2,0
3,27,PROC,87,3,0
3,30,PROC,87,3,0
3,13,TRACK,87,0,0
3,11,TRACK,87,0,0
3,10,TRACK,87,0,0
3,26,PROC,87,2,0
3,9,TRACK,87,0,0
3,7,TRACK,87,0,0
3,8,TRACK,87,1,0
3,26,PROC,87,2,0
3,19,TRACK,88,0,0
3,16,TRACK,88,1,0
3,15,TRACK,88,0,0
3,28,PROC,88,0,0
3,12,TRACK,89,0,0
3,8,TRACK,89,0,0
3,26,PROC,89,3,0
3,26,PROC,89,3,0
3,0,GEN,90,0,0
3,0,GEN,90,1,0
3,1,GEN,90,0,0
3,1,GEN,90,1,0
3,2,GEN,90,0,0
3,2,GEN,90,1,0
3,3,GEN,90,0,0
3,3,GEN,90,1,0
3,4,GEN,90,0,0
3,4,GEN,90,1,0
3,5,GEN,90,0,0
3,5,GEN,90,1,0
3,6,GEN,90,0,0
3,6,GEN,90,1,0
3,26,PROC,90,3,0
3,26,PROC,90,3,0
3,27,PROC,90,3,0
3,27,PROC,90,3,0
3,28,PROC,90,0,0
3,28,PROC,90,0,0
3,29,PROC,90,1,0
3,29,PROC,90,1,0
3,30,PROC,90,3,0
3,30,PROC,90,3,0
3,31,STOCK,90,0,2
3,31,STOCK,90,0,2
3,32,STOCK,90,1,1
3,32,STOCK,90,1,1
3,16,TRACK,90,0,0
3,6,GEN,90,1,0
3,29,PROC,90,2,0
3,30,PROC,90,2,0
3,4,GEN,90,1,0
3,3,GEN,90,1,0
3,5,GEN,90,1,0
3,1,GEN,90,1,0
3,26,PROC,90,2,0
3,0,GEN,90,1,0
3,18,TRACK,90,1,0
3,2,GEN,90,1,0
3,21,TRACK,90,1,0
3,27,PROC,90,2,0
3,14,TRACK,90,0,0
3,17,TRACK,90,1,0
3,17,TRACK,92,0,0
3,21,TRACK,92,0,0
3,29,PROC,92,2,0
3,19,TRACK,92,1,0
3,18,TRACK,92,0,0
3,28,PROC,92,1,0
3,19,TRACK,94,0,0
3,28,PROC,94,1,0
3,0,GEN,95,1,0
3,0,GEN,95,1,0
3,1,GEN,95,1,0
3,1,GEN,95,1,0
3,2,GEN,95,1,0
3,2,GEN,95,1,0
3,3,GEN,95,1,0
3,3,GEN,95,1,0
3,4,GEN,95,1,0
3,4,GEN,95,1,0
3,5,GEN,95,1,0
3,5,GEN,95,1,0
3,6,GEN,95,1,0
3,6,GEN,95,1,0
3,26,PROC,95,2,0
3,26,PROC,95,2,0
3,27,PROC,95,2,0
3,27,PROC,95,2,0
3,28,PROC,95,1,0
3,28,PROC,95,1,0
3,29,PROC,95,2,0
3,29,PROC,95,2,0
3,30,PROC,95,2,0
3,30,PROC,95,2,0
3,31,STOCK,95,0,2
3,31,STOCK,95,0,2
3,32,STOCK,95,0,2
3,32,STOCK,95,0,2
3,4,GEN,96,0,0
3,23,TRACK,96,1,0
3,22,TRACK,96,1,0
3,3,GEN,96,0,0
3,13,TRACK,96,1,0
3,6,GEN,96,0,0
3,11,TRACK,96,1,0
3,9,TRACK,96,1,0
3,10,TRACK,96,1,0
3,1,GEN,96,0,0
3,7,TRACK,96,1,0
3,0,GEN,96,0,0
3,5,GEN,96,0,0
3,2,GEN,96,0,0
3,23,TRACK,97,0,0
3,30,PROC,97,2,0
3,11,TRACK,97,0,0
3,22,TRACK,97,0,0
3,13,TRACK,97,0,0
3,27,PROC,97,3,0
3,30,PROC,97,3,0
3,12,TRACK,97,1,0
3,26,PROC,97,2,0
3,10,TRACK,97,0,0
3,9,TRACK,97,0,0
3,7,TRACK,97,0,0
3,8,TRACK,97,1,0
3,26,PROC,97,2,0
3,12,TRACK,99,0,0
3,26,PROC,99,2,0
3,8,TRACK,99,0,0
3,26,PROC,99,3,0
3,0,GEN,100,0,0
3,0,GEN,100,1,0
3,1,GEN,100,0,0
3,1,GEN,100,1,0
3,2,GEN,100,0,0
3,2,GEN,100,1,0
3,3,GEN,100,0,0
3,3,GEN,100,1,0
3,4,GEN,100,0,0
3,4,GEN,100,1,0
3,5,GEN,100,0,0
3,5,GEN,100,1,0
3,6,GEN,100,0,0
3,6,GEN,100,1,0
3,26,PROC,100,3,0
3,26,PROC,100,3,0
3,27,PROC,100,3,0
3,27,PROC,100,3,0
3,28,PROC,100,1,0
3,28,PROC,100,1,0
3,29,PROC,100,2,0
3,29,PROC,100,2,0
3,30,PROC,100,3,0
3,30,PROC,100,3,0
3,31,STOCK,100,0,2
3,31,STOCK,100,0,2
3,32,STOCK,100,0,2
3,32,STOCK,100,0,2
3,27,PROC,100,2,0
3,18,TRACK,100,1,0
3,26,PROC,100,2,0
3,6,GEN,100,1,0
3,21,TRACK,100,1,0
3,20,TRACK,100,1,0
3,5,GEN,100,1,0
3,14,TRACK,100,1,0
3,25,TRACK,100,0,0
3,3,GEN,100,1,0
3,24,TRACK,100,1,0
3,2,GEN,100,1,0
3,1,GEN,100,1,0
3,4,GEN,100,1,0
3,17,TRACK,100,0,0
3,28,PROC,100,0,0
3,30,PROC,100,2,0
3,0,GEN,100,1,0
3,29,PROC,100,1,0
3,5,GEN,101,0,0
3,23,TRACK,101,1,0
3,3,GEN,101,0,0
3,22,TRACK,101,1,0
3,11,TRACK,101,1,0
3,10,TRACK,101,1,0
3,6,GEN,101,0,0
3,1,GEN,101,0,0
3,7,TRACK,101,1,0
3,9,TRACK,101,1,0
3,0,GEN,101,0,0
3,13,TRACK,101,1,0
3,4,GEN,101,0,0
3,2,GEN,101,0,0
3,24,TRACK,101,0,0
3,21,TRACK,102,0,0
3,18,TRACK,102,0,0
3,29,PROC,102,1,0
3,20,TRACK,102,0,0
3,29,PROC,102,1,0
3,14,TRACK,102,0,0
3,19,TRACK,102,1,0
3,15,TRACK,102,1,0
3,23,TRACK,103,0,0
3,30,PROC,103,2,0
3,13,TRACK,103,0,0
3,12,TRACK,103,1,0
3,30,PROC,103,3,0
3,22,TRACK,103,0,0
3,11,TRACK,103,0,0
3,27,PROC,103,3,0
3,10,TRACK,103,0,0
3,7,TRACK,103,0,0
3,9,TRACK,103,0,0
3,26,PROC,103,2,0
3,26,PROC,103,2,0
3,8,TRACK,103,1,0
3,15,TRACK,104,0,0
3,19,TRACK,104,0,0
3,28,PROC,104,0,0
3,16,TRACK,104,1,0
3,0,GEN,105,0,0
3,0,GEN,105,1,0
3,1,GEN,105,0,0
3,1,GEN,105,1,0
3,2,GEN,105,0,0
3,2,GEN,105,1,0
3,3,GEN,105,0,0
3,3,GEN,105,1,0
3,4,GEN,105,0,0
3,4,GEN,105,1,0
3,5,GEN,105,0,0
3,5,GEN,105,1,0
3,6,GEN,105,0,0
3,6,GEN,105,1,0
3,26,PROC,105,2,0
3,26,PROC,105,2,0
3,27,PROC,105,3,0
3,27,PROC,105,3,0
3,28,PROC,105,0,0
3,28,PROC,105,0,0
3,29,PROC,105,1,0
3,29,PROC,105,1,0
3,30,PROC,105,3,0
3,30,PROC,105,3,0
3,31,STOCK,105,1,2
3,31,STOCK,105,1,2
3,32,STOCK,105,0,2
3,32,STOCK,105,0,2
3,26,PROC,105,1,0
3,17,TRACK,105,1,0
3,8,TRACK,105,0,0
3,6,GEN,105,1,0
3,1,GEN,105,1,0
3,12,TRACK,105,0,0
3,5,GEN,105,1,0
3,26,PROC,105,2,0
3,14,TRACK,105,0,0
3,18,TRACK,105,1,0
3,4,GEN,105,1,0
3,26,PROC,105,2,0
3,0,GEN,105,1,0
3,3,GEN,105,1,0
3,30,PROC,105,2,0
3,21,TRACK,105,1,0
3,27,PROC,105,2,0
3,2,GEN,105,1,0
3,5,GEN,106,0,0
3,4,GEN,106,0,0
3,3,GEN,106,0,0
3,21,TRACK,106,0,0
3,22,TRACK,106,1,0
3,17,TRACK,106,0,0
3,10,TRACK,106,1,0
3,1,GEN,106,0,0
3,29,PROC,106,1,0
3,9,TRACK,106,1,0
3,28,PROC,106,1,0
3,11,TRACK,106,1,0
3,0,GEN,106,0,0
3,19,TRACK,106,1,0
3,7,TRACK,106,1,0
3,29,PROC,106,2,0
3,18,TRACK,106,0,0
3,2,GEN,106,0,0
3,6,GEN,106,0,0
3,23,TRACK,106,1,0
3,16,TRACK,106,0,0
3,13,TRACK,106,1,0
3,23,TRACK,107,0,0
3,29,PROC,107,1,0
3,13,TRACK,107,0,0
3,25,TRACK,107,1,0
3,30,PROC,107,3,0
3,24,TRACK,107,0,0
3,12,TRACK,107,1,0
3,27,PROC,107,3,0
3,11,TRACK,107,0,0
3,10,TRACK,107,0,0
3,26,PROC,107,2,0
3,26,PROC,107,2,0
3,9,TRACK,107,0,0
3,7,TRACK,107,0,0
3,22,TRACK,107,0,0
3,8,TRACK,107,1,0
3,30,PROC,107,3,0
3,19,TRACK,108,0,0
3,28,PROC,108,1,0
3,12,TRACK,109,0,0
3,26,PROC,109,2,0
3,25,TRACK,109,0,0
3,8,TRACK,109,0,0
3,26,PROC,109,3,0
3,0,GEN,110,0,0
3,0,GEN,110,1,0
3,1,GEN,110,0,0
3,1,GEN,110,1,0
3,2,GEN,110,0,0
3,2,GEN,110,1,0
3,3,GEN,110,0,0
3,3,GEN,110,1,0
3,4,GEN,110,0,0
3,4,GEN,110,1,0
3,5,GEN,110,0,0
3,5,GEN,110,1,0
3,6,GEN,110,0,0
3,6,GEN,110,1,0
3,26,PROC,110,3,0
3,26,PROC,110,3,0
3,27,PROC,110,3,0
3,27,PROC,110,3,0
3,28,PROC,110,1,0
3,28,PROC,110,1,0
3,29,PROC,110,1,0
3,29,PROC,110,1,0
3,30,PROC,110,3,0
3,30,PROC,110,3,0
3,31,STOCK,110,0,3
3,31,STOCK,110,0,3
3,32,STOCK,110,1,2
3,32,STOCK,110,1,2
3,26,PROC,110,2,0
3,20,TRACK,110,1,0
3,6,GEN,110,1,0
3,5,GEN,110,1,0
3,18,TRACK,110,1,0
3,3,GEN,110,1,0
3,30,PROC,110,2,0
3,2,GEN,110,1,0
3,1,GEN,110,1,0
3,27,PROC,110,2,0
3,0,GEN,110,1,0
3,21,TRACK,110,1,0
3,14,TRACK,110,1,0
3,17,TRACK,110,0,0
3,28,PROC,110,0,0
3,4,GEN,110,1,0
3,5,GEN,111,0,0
3,4,GEN,111,0,0
3,3,GEN,111,0,0
3,2,GEN,111,0,0
3,11,TRACK,111,1,0
3,10,TRACK,111,1,0
3,1,GEN,111,0,0
3,9,TRACK,111,1,0
3,13,TRACK,111,1,0
3,0,GEN,111,0,0
3,7,TRACK,111,1,0
3,22,TRACK,111,1,0
3,23,TRACK,111,1,0
3,6,GEN,111,0,0
3,14,TRACK,112,0,0
3,21,TRACK,112,0,0
3,29,PROC,112,1,0
3,20,TRACK,112,0,0
3,29,PROC,112,1,0
3,18,TRACK,112,0,0
3,19,TRACK,112,1,0
3,15,TRACK,112,1,0
3,22,TRACK,113,0,0
3,23,TRACK,113,0,0
3,30,PROC,113,2,0
3,27,PROC,113,3,0
3,30,PROC,113,3,0
3,13,TRACK,113,0,0
3,11,TRACK,113,0,0
3,8,TRACK,113,1,0
3,12,TRACK,113,1,0
3,9,TRACK,113,0,0
3,10,TRACK,113,0,0
3,26,PROC,113,2,0
3,7,TRACK,113,0,0
3,26,PROC,113,2,0
3,19,TRACK,114,0,0
3,15,TRACK,114,0,0
3,28,PROC,114,0,0
3,16,TRACK,114,1,0
3,0,GEN,115,0,0
3,0,GEN,115,1,0
3,1,GEN,115,0,0
3,1,GEN,115,1,0
3,2,GEN,115,0,0
3,2,GEN,115,1,0
3,3,GEN,115,0,0
3,3,GEN,115,1,0
3,4,GEN,115,0,0
3,4,GEN,115,1,0
3,5,GEN,115,0,0
3,5,GEN,115,1,0
3,6,GEN,115,0,0
3,6,GEN,115,1,0
3,26,PROC,115,2,0
3,26,PROC,115,2,0
3,27,PROC,115,3,0
3,27,PROC,115,3,0
3,28,PROC,115,0,0
3,28,PROC,115,0,0
3,29,PROC,115,1,0
3,29,PROC,115,1,0
3,30,PROC,115,3,0
3,30,PROC,115,3,0
3,31,STOCK,115,0,3
3,31,STOCK,115,0,3
3,32,STOCK,115,0,3
3,32,STOCK,115,0,3
3,14,TRACK,115,0,0
3,17,TRACK,115,1,0
3,26,PROC,115,1,0
3,6,GEN,115,1,0
3,12,TRACK,115,0,0
3,26,PROC,115,2,0
3,8,TRACK,115,0,0
3,0,GEN,115,1,0
3,1,GEN,115,1,0
3,21,TRACK,115,1,0
3,3,GEN,115,1,0
3,4,GEN,115,1,0
3,18,TRACK,115,1,0
3,26,PROC,115,2,0
3,2,GEN,115,1,0
3,5,GEN,115,1,0
3,30,PROC,115,2,0
3,27,PROC,115,2,0
3,4,GEN,116,0,0
3,21,TRACK,116,0,0
3,3,GEN,116,0,0
3,2,GEN,116,0,0
3,11,TRACK,116,1,0
3,10,TRACK,116,1,0
3,22,TRACK,116,1,0
3,0,GEN,116,0,0
3,9,TRACK,116,1,0
3,29,PROC,116,1,0
3,13,TRACK,116,1,0
3,5,GEN,116,0,0
3,6,GEN,116,0,0
3,23,TRACK,116,1,0
3,16,TRACK,116,0,0
3,17,TRACK,116,0,0
3,7,TRACK,116,1,0
3,1,GEN,116,0,0
3,18,TRACK,116,0,0
3,28,PROC,116,1,0
3,19,TRACK,116,1,0
3,29,PROC,116,2,0
3,22,TRACK,117,0,0
3,23,TRACK,117,0,0
3,13,TRACK,117,0,0
3,12,TRACK,117,1,0
3,30,PROC,117,3,0
3,24,TRACK,117,1,0
3,11,TRACK,117,0,0
3,10,TRACK,117,0,0
3,9,TRACK,117,0,0
3,26,PROC,117,2,0
3,8,TRACK,117,1,0
3,7,TRACK,117,0,0
3,27,PROC,117,3,0
3,30,PROC,117,3,0
3,25,TRACK,117,0,0
3,26,PROC,117,2,0
3,29,PROC,117,1,0
3,19,TRACK,118,0,0
3,28,PROC,118,1,0
3,24,TRACK,119,0,0
3,8,TRACK,119,0,0
3,12,TRACK,119,0,0
3,26,PROC,119,2,0
3,26,PROC,119,3,0
3,0,GEN,120,0,0
3,0,GEN,120,1,0
3,1,GEN,120,0,0
3,1,GEN,120,1,0
3,2,GEN,120,0,0
3,2,GEN,120,1,0
3,3,GEN,120,0,0
3,3,GEN,120,1,0
3,4,GEN,120,0,0
3,4,GEN,120,1,0
3,5,GEN,120,0,0
3,5,GEN,120,1,0
3,6,GEN,120,0,0
3,6,GEN,120,1,0
3,26,PROC,120,3,0
3,26,PROC,120,3,0
3,27,PROC,120,3,0
3,27,PROC,120,3,0
3,28,PROC,120,1,0
3,28,PROC,120,1,0
3,29,PROC,120,1,0
3,29,PROC,120,1,0
3,30,PROC,120,3,0
3,30,PROC,120,3,0
3,31,STOCK,120,1,3
3,31,STOCK,120,1,3
3,32,STOCK,120,0,3
3,32,STOCK,120,0,3
3,6,GEN,120,1,0
3,14,TRACK,120,1,0
3,1,GEN,120,1,0
3,4,GEN,120,1,0
3,17,TRACK,120,0,0
3,2,GEN,120,1,0
3,3,GEN,120,1,0
3,30,PROC,120,2,0
3,26,PROC,120,2,0
3,27,PROC,120,2,0
3,18,TRACK,120,1,0
3,5,GEN,120,1,0
3,0,GEN,120,1,0
3,20,TRACK,120,1,0
3,21,TRACK,120,1,0
3,28,PROC,120,0,0
3,21,TRACK,122,0,0
3,19,TRACK,122,1,0
3,29,PROC,122,1,0
3,20,TRACK,122,0,0
3,18,TRACK,122,0,0
3,29,PROC,122,1,0
3,14,TRACK,122,0,0
3,15,TRACK,122,1,0
3,19,TRACK,124,0,0
3,28,PROC,124,0,0
3,15,TRACK,124,0,0
3,16,TRACK,124,1,0
3,0,GEN,125,1,0
3,0,GEN,125,1,0
3,1,GEN,125,1,0
3,1,GEN,125,1,0
3,2,GEN,125,1,0
3,2,GEN,125,1,0
3,3,GEN,125,1,0
3,3,GEN,125,1,0
3,4,GEN,125,1,0
3,4,GEN,125,1,0
3,5,GEN,125,1,0
3,5,GEN,125,1,0
3,6,GEN,125,1,0
3,6,GEN,125,1,0
3,26,PROC,125,2,0
3,26,PROC,125,2,0
3,27,PROC,125,2,0
3,27,PROC,125,2,0
3,28,PROC,125,0,0
3,28,PROC,125,0,0
3,29,PROC,125,1,0
3,29,PROC,125,1,0
3,30,PROC,125,2,0
3,30,PROC,125,2,0
3,31,STOCK,125,1,3
3,31,STOCK,125,1,3
3,32,STOCK,125,0,3
3,32,STOCK,125,0,3
3,22,TRACK,126,1,0
3,2,GEN,126,0,0
3,23,TRACK,126,1,0
3,11,TRACK,126,1,0
3,9,TRACK,126,1,0
3,5,GEN,126,0,0
3,1,GEN,126,0,0
3,7,TRACK,126,1,0
3,10,TRACK,126,1,0
3,3,GEN,126,0,0
3,4,GEN,126,0,0
3,13,TRACK,126,1,0
3,0,GEN,126,0,0
3,6,GEN,126,0,0
3,16,TRACK,126,0,0
3,29,PROC,126,2,0
3,23,TRACK,127,0,0
3,30,PROC,127,2,0
3,22,TRACK,127,0,0
3,11,TRACK,127,0,0
3,13,TRACK,127,0,0
3,27,PROC,127,3,0
3,30,PROC,127,3,0
3,26,PROC,127,2,0
3,10,TRACK,127,0,0
3,12,TRACK,127,1,0
3,9,TRACK,127,0,0
3,7,TRACK,127,0,0
3,8,TRACK,127,1,0
3,26,PROC,127,2,0
3,12,TRACK,129,0,0
3,26,PROC,129,2,0
3,8,TRACK,129,0,0
3,26,PROC,129,3,0
3,0,GEN,130,0,0
3,0,GEN,130,1,0
3,1,GEN,130,0,0
3,1,GEN,130,1,0
3,2,GEN,130,0,0
3,2,GEN,130,1,0
3,3,GEN,130,0,0
3,3,GEN,130,1,0
3,4,GEN,130,0,0
3,4,GEN,130,1,0
3,5,GEN,130,0,0
3,5,GEN,130,1,0
3,6,GEN,130,0,0
3,6,GEN,130,1,0
3,26,PROC,130,3,0
3,26,PROC,130,3,0
3,27,PROC,130,3,0
3,27,PROC,130,3,0
3,28,PROC,130,0,0
3,28,PROC,130,0,0
3,29,PROC,130,2,0
3,29,PROC,130,2,0
3,30,PROC,130,3,0
3,30,PROC,130,3,0
3,31,STOCK,130,1,3
3,31,STOCK,130,1,3
3,32,STOCK,130,0,3
3,32,STOCK,130,0,3
3,27,PROC,130,2,0
3,18,TRACK,130,1,0
3,30,PROC,130,2,0
3,14,TRACK,130,0,0
3,0,GEN,130,1,0
3,6,GEN,130,1,0
3,21,TRACK,130,1,0
3,3,GEN,130,1,0
3,2,GEN,130,1,0
3,1,GEN,130,1,0
3,24,TRACK,130,0,0
3,5,GEN,130,1,0
3,25,TRACK,130,1,0
3,4,GEN,130,1,0
3,26,PROC,130,2,0
3,29,PROC,130,1,0
3,17,TRACK,130,1,0
3,5,GEN,131,0,0
3,4,GEN,131,0,0
3,23,TRACK,131,1,0
3,22,TRACK,131,1,0
3,3,GEN,131,0,0
3,25,TRACK,131,0,0
3,2,GEN,131,0,0
3,1,GEN,131,0,0
3,10,TRACK,131,1,0
3,9,TRACK,131,1,0
3,7,TRACK,131,1,0
3,0,GEN,131,0,0
3,6,GEN,131,0,0
3,13,TRACK,131,1,0
3,11,TRACK,131,1,0
3,18,TRACK,132,0,0
3,19,TRACK,132,1,0
3,29,PROC,132,1,0
3,21,TRACK,132,0,0
3,17,TRACK,132,0,0
3,28,PROC,132,1,0
3,23,TRACK,133,0,0
3,12,TRACK,133,1,0
3,11,TRACK,133,0,0
3,13,TRACK,133,0,0
3,22,TRACK,133,0,0
3,30,PROC,133,3,0
3,10,TRACK,133,0,0
3,27,PROC,133,3,0
3,7,TRACK,133,0,0
3,26,PROC,133,2,0
3,9,TRACK,133,0,0
3,26,PROC,133,2,0
3,30,PROC,133,3,0
3,8,TRACK,133,1,0
3,19,TRACK,134,0,0
3,28,PROC,134,1,0
3,0,GEN,135,0,0
3,0,GEN,135,1,0
3,1,GEN,135,0,0
3,1,GEN,135,1,0
3,2,GEN,135,0,0
3,2,GEN,135,1,0
3,3,GEN,135,0,0
3,3,GEN,135,1,0
3,4,GEN,135,0,0
3,4,GEN,135,1,0
3,5,GEN,135,0,0
3,5,GEN,135,1,0
3,6,GEN,135,0,0
3,6,GEN,135,1,0
3,26,PROC,135,2,0
3,26,PROC,135,2,0
3,27,PROC,135,3,0
3,27,PROC,135,3,0
3,28,PROC,135,1,0
3,28,PROC,135,1,0
3,29,PROC,135,1,0
3,29,PROC,135,1,0
3,30,PROC,135,3,0
3,30,PROC,135,3,0
3,31,STOCK,135,0,4
3,31,STOCK,135,0,4
3,32,STOCK,135,1,3
3,32,STOCK,135,1,3
3,26,PROC,135,1,0
3,12,TRACK,135,0,0
3,8,TRACK,135,0,0
3,14,TRACK,135,1,0
3,26,PROC,135,2,0
3,5,GEN,135,1,0
3,30,PROC,135,2,0
3,21,TRACK,135,1,0
3,3,GEN,135,1,0
3,6,GEN,135,1,0
3,2,GEN,135,1,0
3,18,TRACK,135,1,0
3,26,PROC,135,2,0
3,1,GEN,135,1,0
3,27,PROC,135,2,0
3,17,TRACK,135,0,0
3,0,GEN,135,1,0
3,4,GEN,135,1,0
3,5,GEN,136,0,0
3,21,TRACK,136,0,0
3,22,TRACK,136,1,0
3,13,TRACK,136,1,0
3,2,GEN,136,0,0
3,11,TRACK,136,1,0
3,10,TRACK,136,1,0
3,1,GEN,136,0,0
3,9,TRACK,136,1,0
3,15,TRACK,136,1,0
3,0,GEN,136,0,0
3,3,GEN,136,0,0
3,14,TRACK,136,0,0
3,4,GEN,136,0,0
3,29,PROC,136,1,0
3,7,TRACK,136,1,0
3,18,TRACK,136,0,0
3,19,TRACK,136,1,0
3,6,GEN,136,0,0
3,23,TRACK,136,1,0
3,23,TRACK,137,0,0
3,28,PROC,137,0,0
3,30,PROC,137,3,0
3,30,PROC,137,3,0
3,12,TRACK,137,1,0
3,11,TRACK,137,0,0
3,27,PROC,137,3,0
3,10,TRACK,137,0,0
3,26,PROC,137,2,0
3,26,PROC,137,2,0
3,9,TRACK,137,0,0
3,7,TRACK,137,0,0
3,22,TRACK,137,0,0
3,20,TRACK,137,1,0
3,13,TRACK,137,0,0
3,8,TRACK,137,1,0
3,15,TRACK,138,0,0
3,20,TRACK,138,0,0
3,29,PROC,138,1,0
3,19,TRACK,138,0,0
3,28,PROC,138,0,0
3,16,TRACK,138,1,0
3,8,TRACK,139,0,0
3,26,PROC,139,3,0
3,12,TRACK,139,0,0
3,26,PROC,139,3,0
3,0,GEN,140,0,0
3,0,GEN,140,1,0
3,1,GEN,140,0,0
3,1,GEN,140,1,0
3,2,GEN,140,0,0
3,2,GEN,140,1,0
3,3,GEN,140,0,0
3,3,GEN,140,1,0
3,4,GEN,140,0,0
3,4,GEN,140,1,0
3,5,GEN,140,0,0
3,5,GEN,140,1,0
3,6,GEN,140,0,0
3,6,GEN,140,1,0
3,26,PROC,140,3,0
3,26,PROC,140,3,0
3,27,PROC,140,3,0
3,27,PROC,140,3,0
3,28,PROC,140,0,0
3,28,PROC,140,0,0
3,29,PROC,140,1,0
3,29,PROC,140,1,0
3,30,PROC,140,3,0
3,30,PROC,140,3,0
3,31,STOCK,140,0,4
3,31,STOCK,140,0,4
3,32,STOCK,140,0,4
3,32,STOCK,140,0,4
3,29,PROC,140,2,0
3,21,TRACK,140,1,0
3,5,GEN,140,1,0
3,4,GEN,140,1,0
3,2,GEN,140,1,0
3,17,TRACK,140,1,0
3,16,TRACK,140,0,0
3,1,GEN,140,1,0
3,18,TRACK,140,1,0
3,27,PROC,140,2,0
3,0,GEN,140,1,0
3,26,PROC,140,2,0
3,6,GEN,140,1,0
3,14,TRACK,140,0,0
3,30,PROC,140,2,0
3,3,GEN,140,1,0
3,4,GEN,141,0,0
3,3,GEN,141,0,0
3,13,TRACK,141,1,0
3,2,GEN,141,0,0
3,1,GEN,141,0,0
3,10,TRACK,141,1,0
3,0,GEN,141,0,0
3,9,TRACK,141,1,0
3,6,GEN,141,0,0
3,11,TRACK,141,1,0
3,7,TRACK,141,1,0
3,22,TRACK,141,1,0
3,5,GEN,141,0,0
3,23,TRACK,141,1,0
3,18,TRACK,142,0,0
3,28,PROC,142,1,0
3,21,TRACK,142,0,0
3,17,TRACK,142,0,0
3,29,PROC,142,2,0
3,19,TRACK,142,1,0
3,22,TRACK,143,0,0
3,23,TRACK,143,0,0
3,30,PROC,143,3,0
3,27,PROC,143,3,0
3,30,PROC,143,3,0
3,12,TRACK,143,1,0
3,25,TRACK,143,0,0
3,24,TRACK,143,1,0
3,26,PROC,143,2,0
3,26,PROC,143,2,0
3,8,TRACK,143,1,0
3,7,TRACK,143,0,0
3,10,TRACK,143,0,0
3,13,TRACK,143,0,0
3,11,TRACK,143,0,0
3,9,TRACK,143,0,0
3,29,PROC,143,1,0
3,19,TRACK,144,0,0
3,28,PROC,144,1,0
3,0,GEN,145,0,0
3,0,GEN,145,1,0
3,1,GEN,145,0,0
3,1,GEN,145,1,0
3,2,GEN,145,0,0
3,2,GEN,145,1,0
3,3,GEN,145,0,0
3,3,GEN,145,1,0
3,4,GEN,145,0,0
3,4,GEN,145,1,0
3,5,GEN,145,0,0
3,5,GEN,145,1,0
3,6,GEN,145,0,0
3,6,GEN,145,1,0
3,26,PROC,145,2,0
3,26,PROC,145,2,0
3,27,PROC,145,3,0
3,27,PROC,145,3,0
3,28,PROC,145,1,0
3,28,PROC,145,1,0
3,29,PROC,145,1,0
3,29,PROC,145,1,0
3,30,PROC,145,3,0
3,30,PROC,145,3,0
3,31,STOCK,145,0,4
3,31,STOCK,145,0,4
3,32,STOCK,145,0,4
3,32,STOCK,145,0,4
3,12,TRACK,145,0,0
3,14,TRACK,145,1,0
3,24,TRACK,145,0,0
3,6,GEN,145,1,0
3,30,PROC,145,2,0
3,4,GEN,145,1,0
3,3,GEN,145,1,0
3,26,PROC,145,2,0
3,17,TRACK,145,0,0
3,26,PROC,145,2,0
3,1,GEN,145,1,0
3,18,TRACK,145,1,0
3,8,TRACK,145,0,0
3,0,GEN,145,1,0
3,27,PROC,145,2,0
3,26,PROC,145,2,0
3,2,GEN,145,1,0
3,21,TRACK,145,1,0
3,5,GEN,145,1,0
3,5,GEN,146,0,0
3,4,GEN,146,0,0
3,3,GEN,146,0,0
3,22,TRACK,146,1,0
3,21,TRACK,146,0,0
3,1,GEN,146,0,0
3,19,TRACK,146,1,0
3,9,TRACK,146,1,0
3,23,TRACK,146,1,0
3,10,TRACK,146,1,0
3,11,TRACK,146,1,0
3,6,GEN,146,0,0
3,0,GEN,146,0,0
3,29,PROC,146,1,0
3,18,TRACK,146,0,0
3,15,TRACK,146,1,0
3,14,TRACK,146,0,0
3,13,TRACK,146,1,0
3,2,GEN,146,0,0
3,7,TRACK,146,1,0
3,23,TRACK,147,0,0
3,28,PROC,147,0,0
3,13,TRACK,147,0,0
3,30,PROC,147,3,0
3,30,PROC,147,3,0
3,12,TRACK,147,1,0
3,27,PROC,147,3,0
3,11,TRACK,147,0,0
3,26,PROC,147,2,0
3,9,TRACK,147,0,0
3,26,PROC,147,2,0
3,7,TRACK,147,0,0
3,22,TRACK,147,0,0
3,20,TRACK,147,1,0
3,10,TRACK,147,0,0
3,8,TRACK,147,1,0
3,15,TRACK,148,0,0
3,20,TRACK,148,0,0
3,19,TRACK,148,0,0
3,28,PROC,148,0,0
3,29,PROC,148,1,0
3,16,TRACK,148,1,0
3,12,TRACK,149,0,0
3,26,PROC,149,3,0
3,8,TRACK,149,0,0
3,26,PROC,149,3,0
3,0,GEN,150,0,0
3,0,GEN,150,1,0
3,1,GEN,150,0,0
3,1,GEN,150,1,0
3,2,GEN,150,0,0
3,2,GEN,150,1,0
3,3,GEN,150,0,0
3,3,GEN,150,1,0
3,4,GEN,150,0,0
3,4,GEN,150,1,0
3,5,GEN,150,0,0
3,5,GEN,150,1,0
3,6,GEN,150,0,0
3,6,GEN,150,1,0
3,26,PROC,150,3,0
3,26,PROC,150,3,0
3,27,PROC,150,3,0
3,27,PROC,150,3,0
3,28,PROC,150,0,0
3,28,PROC,150,0,0
3,29,PROC,150,1,0
3,29,PROC,150,1,0
3,30,PROC,150,3,0
3,30,PROC,150,3,0
3,31,STOCK,150,1,4
3,31,STOCK,150,1,4
3,32,STOCK,150,0,4
3,32,STOCK,150,0,4
3,16,TRACK,150,0,0
3,29,PROC,150,2,0
3,6,GEN,150,1,0
3,4,GEN,150,1,0
3,3,GEN,150,1,0
3,5,GEN,150,1,0
3,2,GEN,150,1,0
3,14,TRACK,150,0,0
3,0,GEN,150,1,0
3,17,TRACK,150,1,0
3,26,PROC,150,2,0
3,21,TRACK,150,1,0
3,27,PROC,150,2,0
3,18,TRACK,150,1,0
3,1,GEN,150,1,0
3,30,PROC,150,2,0
3,0,GEN,150,1,0
3,1,GEN,150,1,0
3,2,GEN,150,1,0
3,3,GEN,150,1,0
3,4,GEN,150,1,0
3,5,GEN,150,1,0
3,6,GEN,150,1,0
3,7,TRACK,150,0,0
3,8,TRACK,150,0,0
3,9,TRACK,150,0,0
3,10,TRACK,150,0,0
3,11,TRACK,150,0,0
3,12,TRACK,150,0,0
3,13,TRACK,150,0,0
3,14,TRACK,150,0,0
3,15,TRACK,150,0,0
3,16,TRACK,150,0,0
3,17,TRACK,150,1,0
3,18,TRACK,150,1,0
3,19,TRACK,150,0,0
3,20,TRACK,150,0,0
3,21,TRACK,150,1,0
3,22,TRACK,150,0,0
3,23,TRACK,150,0,0
3,24,TRACK,150,0,0
3,25,TRACK,150,0,0
3,26,PROC,150,2,0
3,27,PROC,150,2,0
3,28,PROC,150,0,0
3,29,PROC,150,2,0
3,30,PROC,150,2,0
3,31,STOCK,150,0,5
3,32,STOCK,150,0,4
